{"cameraMode":{"drawMode":0,"name":"Shaded","section":"Shading Mode"},"sceneLighting":false,"audioPlay":false,"sceneViewState":{"m_AlwaysRefresh":false,"showFog":true,"showSkybox":false,"showFlares":true,"showImageEffects":true,"showParticleSystems":true,"showVisualEffectGraphs":true,"m_FxEnabled":true},"in2DMode":false,"pivot":{"x":0.22902175784111024,"y":0.5138727426528931,"z":0.09953813254833222},"rotation":{"x":0.21305428445339204,"y":-0.47340109944343569,"z":0.11917021125555039,"w":0.8463470339775086},"size":0.9879550933837891,"orthographic":false}