{"cameraMode":{"drawMode":0,"name":"Shaded","section":"Shading Mode"},"sceneLighting":false,"audioPlay":false,"sceneViewState":{"m_AlwaysRefresh":false,"showFog":false,"showSkybox":false,"showFlares":false,"showImageEffects":false,"showParticleSystems":false,"showVisualEffectGraphs":true,"m_FxEnabled":true},"in2DMode":false,"pivot":{"x":0.1726880669593811,"y":0.8304963111877441,"z":-0.3684408664703369},"rotation":{"x":-0.003202125197276473,"y":0.9921069741249085,"z":-0.12264828383922577,"w":-0.02590164728462696},"size":1.2330949306488038,"orthographic":false}