{"cameraMode":{"drawMode":0,"name":"Shaded","section":"Shading Mode"},"sceneLighting":false,"audioPlay":false,"sceneViewState":{"m_AlwaysRefresh":false,"showFog":true,"showSkybox":false,"showFlares":true,"showImageEffects":true,"showParticleSystems":true,"showVisualEffectGraphs":true,"m_FxEnabled":true},"in2DMode":false,"pivot":{"x":-0.28660160303115847,"y":4.118419647216797,"z":-0.397976815700531},"rotation":{"x":-0.0007840368780307472,"y":-0.9847396612167358,"z":-0.004431216046214104,"w":0.17402365803718568},"size":3.1015541553497316,"orthographic":false}