{"cameraMode":{"drawMode":0,"name":"Shaded","section":"Shading Mode"},"sceneLighting":false,"audioPlay":false,"sceneViewState":{"m_AlwaysRefresh":false,"showFog":true,"showSkybox":false,"showFlares":true,"showImageEffects":true,"showParticleSystems":true,"showVisualEffectGraphs":true,"m_FxEnabled":true},"in2DMode":false,"pivot":{"x":0.10455906391143799,"y":-0.06933480501174927,"z":1.5025410652160645},"rotation":{"x":-0.1130419373512268,"y":0.6791588664054871,"z":-0.10703224688768387,"w":-0.7172927260398865},"size":3.4372894763946535,"orthographic":false}