{"cameraMode":{"drawMode":0,"name":"Shaded","section":"Shading Mode"},"sceneLighting":false,"audioPlay":false,"sceneViewState":{"m_AlwaysRefresh":false,"showFog":false,"showSkybox":false,"showFlares":false,"showImageEffects":false,"showParticleSystems":false,"showVisualEffectGraphs":true,"m_FxEnabled":true},"in2DMode":false,"pivot":{"x":-0.00015044212341308594,"y":0.974754810333252,"z":-0.02239823341369629},"rotation":{"x":-0.0001984893315238878,"y":0.9997027516365051,"z":-0.02280673384666443,"w":-0.008696536533534527},"size":1.8048826456069947,"orthographic":false}