{"cameraMode":{"drawMode":0,"name":"Shaded","section":"Shading Mode"},"sceneLighting":false,"audioPlay":false,"sceneViewState":{"m_AlwaysRefresh":false,"showFog":true,"showSkybox":false,"showFlares":true,"showImageEffects":true,"showParticleSystems":true,"showVisualEffectGraphs":true,"m_FxEnabled":true},"in2DMode":false,"pivot":{"x":0.32076507806777956,"y":0.4616188704967499,"z":0.0033069252967834474},"rotation":{"x":0.16018642485141755,"y":-0.4306567907333374,"z":0.07796931266784668,"w":0.884761393070221},"size":0.8330027461051941,"orthographic":false}