{"cameraMode":{"drawMode":0,"name":"Shaded","section":"Shading Mode"},"sceneLighting":false,"audioPlay":false,"sceneViewState":{"m_AlwaysRefresh":false,"showFog":true,"showSkybox":false,"showFlares":true,"showImageEffects":true,"showParticleSystems":true,"showVisualEffectGraphs":true,"m_FxEnabled":true},"in2DMode":false,"pivot":{"x":-10.048969268798829,"y":69.55268096923828,"z":9.107952117919922},"rotation":{"x":-0.09419669210910797,"y":0.38478559255599978,"z":-0.039456672966480258,"w":-0.9173858761787415},"size":111.88043212890625,"orthographic":false}