{"cameraMode":{"drawMode":0,"name":"Shaded","section":"Shading Mode"},"sceneLighting":false,"audioPlay":false,"sceneViewState":{"m_AlwaysRefresh":false,"showFog":false,"showSkybox":false,"showFlares":false,"showImageEffects":false,"showParticleSystems":false,"showVisualEffectGraphs":true,"m_FxEnabled":true},"in2DMode":false,"pivot":{"x":-0.5865132808685303,"y":1.6333293914794922,"z":-2.0802290439605715},"rotation":{"x":-0.0033919443376362325,"y":0.9921934604644775,"z":0.1217491626739502,"w":0.02949160896241665},"size":1.964756727218628,"orthographic":false}