{"cameraMode":{"drawMode":0,"name":"Shaded","section":"Shading Mode"},"sceneLighting":false,"audioPlay":false,"sceneViewState":{"m_AlwaysRefresh":false,"showFog":true,"showSkybox":false,"showFlares":true,"showImageEffects":true,"showParticleSystems":true,"showVisualEffectGraphs":true,"m_FxEnabled":true},"in2DMode":false,"pivot":{"x":-0.6271378993988037,"y":0.7125811576843262,"z":-0.18288826942443849},"rotation":{"x":0.2718465328216553,"y":0.31683215498924258,"z":-0.09530895948410034,"w":0.9036811590194702},"size":1.6475515365600587,"orthographic":false}