{"cameraMode":{"drawMode":0,"name":"Shaded","section":"Shading Mode"},"sceneLighting":true,"audioPlay":false,"sceneViewState":{"m_AlwaysRefresh":false,"showFog":true,"showSkybox":true,"showFlares":true,"showImageEffects":true,"showParticleSystems":true,"showVisualEffectGraphs":true,"m_FxEnabled":true},"in2DMode":false,"pivot":{"x":0.06589751690626145,"y":3.2588651180267336,"z":0.38205671310424807},"rotation":{"x":-0.0001984893315238878,"y":0.9997027516365051,"z":-0.02280673384666443,"w":-0.008696536533534527},"size":1.9410122632980347,"orthographic":false}