{"cameraMode":{"drawMode":0,"name":"Shaded","section":"Shading Mode"},"sceneLighting":true,"audioPlay":false,"sceneViewState":{"m_AlwaysRefresh":false,"showFog":true,"showSkybox":true,"showFlares":true,"showImageEffects":true,"showParticleSystems":true,"showVisualEffectGraphs":true,"m_FxEnabled":true},"in2DMode":false,"pivot":{"x":-0.40665340423583987,"y":13.48583698272705,"z":6.621921539306641},"rotation":{"x":-0.2154264748096466,"y":0.21872127056121827,"z":-0.049575258046388629,"w":-0.9504208564758301},"size":43.945316314697269,"orthographic":true}