{"cameraMode":{"drawMode":0,"name":"Shaded","section":"Shading Mode"},"sceneLighting":true,"audioPlay":false,"sceneViewState":{"m_AlwaysRefresh":false,"showFog":true,"showSkybox":true,"showFlares":true,"showImageEffects":true,"showParticleSystems":true,"showVisualEffectGraphs":true,"m_FxEnabled":true},"in2DMode":false,"pivot":{"x":-0.9158003330230713,"y":4.971761703491211,"z":-1.206486463546753},"rotation":{"x":-0.016417259350419046,"y":0.9564712047576904,"z":-0.054875247180461887,"w":-0.2861514389514923},"size":2.6787209510803224,"orthographic":false}