{"cameraMode":{"drawMode":0,"name":"Shaded","section":"Shading Mode"},"sceneLighting":true,"audioPlay":false,"sceneViewState":{"m_AlwaysRefresh":false,"showFog":true,"showSkybox":true,"showFlares":true,"showImageEffects":true,"showParticleSystems":true,"showVisualEffectGraphs":true,"m_FxEnabled":true},"in2DMode":false,"pivot":{"x":3.1964964866638185,"y":4.40374231338501,"z":-1.5558674335479737},"rotation":{"x":0.21305428445339204,"y":-0.47340109944343569,"z":0.11917021125555039,"w":0.8463470339775086},"size":12.522418975830079,"orthographic":false}