{"cameraMode":{"drawMode":0,"name":"Shaded","section":"Shading Mode"},"sceneLighting":false,"audioPlay":false,"sceneViewState":{"m_AlwaysRefresh":false,"showFog":true,"showSkybox":false,"showFlares":true,"showImageEffects":true,"showParticleSystems":true,"showVisualEffectGraphs":true,"m_FxEnabled":true},"in2DMode":false,"pivot":{"x":-0.8720006942749023,"y":0.6381325721740723,"z":-0.33316993713378909},"rotation":{"x":-0.16119934618473054,"y":0.4310978055000305,"z":-0.07858461886644364,"w":-0.8843042254447937},"size":3.301091432571411,"orthographic":false}