{"cameraMode":{"drawMode":0,"name":"Shaded","section":"Shading Mode"},"sceneLighting":false,"audioPlay":false,"sceneViewState":{"m_AlwaysRefresh":false,"showFog":true,"showSkybox":false,"showFlares":true,"showImageEffects":true,"showParticleSystems":true,"showVisualEffectGraphs":true,"m_FxEnabled":true},"in2DMode":false,"pivot":{"x":-20.113025665283204,"y":95.56879425048828,"z":3.1954307556152345},"rotation":{"x":-0.09419669210910797,"y":0.38478559255599978,"z":-0.039456672966480258,"w":-0.9173858761787415},"size":116.06242370605469,"orthographic":false}