{"cameraMode":{"drawMode":0,"name":"Shaded","section":"Shading Mode"},"sceneLighting":false,"audioPlay":false,"sceneViewState":{"m_AlwaysRefresh":false,"showFog":false,"showSkybox":false,"showFlares":false,"showImageEffects":false,"showParticleSystems":false,"showVisualEffectGraphs":true,"m_FxEnabled":true},"in2DMode":false,"pivot":{"x":1.297775149345398,"y":0.46963173151016238,"z":1.2939908504486085},"rotation":{"x":-0.016376186162233354,"y":0.9425789713859558,"z":-0.04702319949865341,"w":-0.3304818272590637},"size":0.27542564272880556,"orthographic":false}