{"cameraMode":{"drawMode":0,"name":"Shaded","section":"Shading Mode"},"sceneLighting":false,"audioPlay":false,"sceneViewState":{"m_AlwaysRefresh":false,"showFog":false,"showSkybox":false,"showFlares":false,"showImageEffects":false,"showParticleSystems":false,"showVisualEffectGraphs":true,"m_FxEnabled":true},"in2DMode":false,"pivot":{"x":-1.148005485534668,"y":0.057285673916339877,"z":-4.440412998199463},"rotation":{"x":0.002523304196074605,"y":0.9916561841964722,"z":0.019627796486020089,"w":-0.1274266242980957},"size":3.441776752471924,"orthographic":false}