{"cameraMode":{"drawMode":0,"name":"Shaded","section":"Shading Mode"},"sceneLighting":false,"audioPlay":false,"sceneViewState":{"m_AlwaysRefresh":false,"showFog":false,"showSkybox":false,"showFlares":false,"showImageEffects":false,"showParticleSystems":false,"showVisualEffectGraphs":true,"m_FxEnabled":true},"in2DMode":false,"pivot":{"x":-0.15453723073005677,"y":3.1631860733032228,"z":-0.4989100396633148},"rotation":{"x":-0.0003597331524360925,"y":0.9979861974716187,"z":-0.005698143504559994,"w":-0.06325552612543106},"size":1.5723644495010377,"orthographic":false}