{"cameraMode":{"drawMode":0,"name":"Shaded","section":"Shading Mode"},"sceneLighting":false,"audioPlay":false,"sceneViewState":{"m_AlwaysRefresh":false,"showFog":true,"showSkybox":false,"showFlares":true,"showImageEffects":true,"showParticleSystems":true,"showVisualEffectGraphs":true,"m_FxEnabled":true},"in2DMode":false,"pivot":{"x":0.17725741863250733,"y":5.3173441886901859,"z":-2.102419853210449},"rotation":{"x":0.003345716977491975,"y":-0.996369481086731,"z":0.04697318375110626,"w":0.07096800953149796},"size":3.1618428230285646,"orthographic":false}