{"cameraMode":{"drawMode":0,"name":"Shaded","section":"Shading Mode"},"sceneLighting":false,"audioPlay":false,"sceneViewState":{"m_AlwaysRefresh":false,"showFog":true,"showSkybox":false,"showFlares":true,"showImageEffects":true,"showParticleSystems":true,"showVisualEffectGraphs":true,"m_FxEnabled":true},"in2DMode":false,"pivot":{"x":-14.321022033691407,"y":66.07701110839844,"z":21.230911254882814},"rotation":{"x":-0.09419669210910797,"y":0.38478559255599978,"z":-0.039456672966480258,"w":-0.9173858761787415},"size":125.51578521728516,"orthographic":false}