{"cameraMode":{"drawMode":0,"name":"Shaded","section":"Shading Mode"},"sceneLighting":false,"audioPlay":false,"sceneViewState":{"m_AlwaysRefresh":false,"showFog":true,"showSkybox":false,"showFlares":true,"showImageEffects":true,"showParticleSystems":true,"showVisualEffectGraphs":true,"m_FxEnabled":true},"in2DMode":false,"pivot":{"x":0.692284345626831,"y":3.244148015975952,"z":0.2026195526123047},"rotation":{"x":0.08148863911628723,"y":0.19017425179481507,"z":-0.015841901302337648,"w":0.9782386422157288},"size":3.6218724250793459,"orthographic":false}