{"cameraMode":{"drawMode":0,"name":"Shaded","section":"Shading Mode"},"sceneLighting":false,"audioPlay":false,"sceneViewState":{"m_AlwaysRefresh":false,"showFog":true,"showSkybox":false,"showFlares":true,"showImageEffects":true,"showParticleSystems":true,"showVisualEffectGraphs":true,"m_FxEnabled":true},"in2DMode":false,"pivot":{"x":0.4472593665122986,"y":0.7427394390106201,"z":0.9107868671417236},"rotation":{"x":-0.1661539524793625,"y":0.34695103764533999,"z":-0.06259734183549881,"w":-0.920926570892334},"size":2.6729917526245119,"orthographic":true}