{"cameraMode":{"drawMode":0,"name":"Shaded","section":"Shading Mode"},"sceneLighting":false,"audioPlay":false,"sceneViewState":{"m_AlwaysRefresh":false,"showFog":true,"showSkybox":false,"showFlares":true,"showImageEffects":true,"showParticleSystems":true,"showVisualEffectGraphs":true,"m_FxEnabled":true},"in2DMode":false,"pivot":{"x":2.017911911010742,"y":1.2731667757034302,"z":1.4960650205612183},"rotation":{"x":0.025661563500761987,"y":0.8123327493667603,"z":0.03584723547101021,"w":-0.5815331339836121},"size":3.2637743949890138,"orthographic":false}