{"cameraMode":{"drawMode":0,"name":"Shaded","section":"Shading Mode"},"sceneLighting":false,"audioPlay":false,"sceneViewState":{"m_AlwaysRefresh":false,"showFog":false,"showSkybox":false,"showFlares":false,"showImageEffects":false,"showParticleSystems":false,"showVisualEffectGraphs":true,"m_FxEnabled":true},"in2DMode":false,"pivot":{"x":-0.10188531875610352,"y":0.7783786058425903,"z":1.6203770637512208},"rotation":{"x":-0.0001984893315238878,"y":0.9997027516365051,"z":-0.02280673384666443,"w":-0.008696536533534527},"size":1.964756727218628,"orthographic":false}