{"cameraMode":{"drawMode":0,"name":"Shaded","section":"Shading Mode"},"sceneLighting":false,"audioPlay":false,"sceneViewState":{"m_AlwaysRefresh":false,"showFog":false,"showSkybox":false,"showFlares":false,"showImageEffects":false,"showParticleSystems":false,"showVisualEffectGraphs":true,"m_FxEnabled":true},"in2DMode":false,"pivot":{"x":0.6482017040252686,"y":0.10797032713890076,"z":-0.5316731929779053},"rotation":{"x":0.0022203614935278894,"y":-0.983188807964325,"z":-0.012393751181662083,"w":-0.182560533285141},"size":1.0032463073730469,"orthographic":false}