{"cameraMode":{"drawMode":0,"name":"Shaded","section":"Shading Mode"},"sceneLighting":true,"audioPlay":false,"sceneViewState":{"m_AlwaysRefresh":false,"showFog":true,"showSkybox":true,"showFlares":true,"showImageEffects":true,"showParticleSystems":true,"showVisualEffectGraphs":true,"m_FxEnabled":true},"in2DMode":false,"pivot":{"x":18.12329864501953,"y":-3.0374670028686525,"z":17.406627655029298},"rotation":{"x":0.08641944080591202,"y":0.38738545775413515,"z":-0.03641624003648758,"w":0.9172192215919495},"size":27.31358528137207,"orthographic":false}