{"cameraMode":{"drawMode":0,"name":"Shaded","section":"Shading Mode"},"sceneLighting":true,"audioPlay":false,"sceneViewState":{"m_AlwaysRefresh":false,"showFog":true,"showSkybox":true,"showFlares":true,"showImageEffects":true,"showParticleSystems":true,"showVisualEffectGraphs":true,"m_FxEnabled":true},"in2DMode":false,"pivot":{"x":18.46179962158203,"y":-1.167358636856079,"z":17.518184661865236},"rotation":{"x":0.06985292583703995,"y":0.3893558084964752,"z":-0.029540779069066049,"w":0.9180430173873901},"size":24.424922943115236,"orthographic":false}