{"cameraMode":{"drawMode":0,"name":"Shaded","section":"Shading Mode"},"sceneLighting":true,"audioPlay":false,"sceneViewState":{"m_AlwaysRefresh":false,"showFog":true,"showSkybox":true,"showFlares":true,"showImageEffects":true,"showParticleSystems":true,"showVisualEffectGraphs":true,"m_FxEnabled":true},"in2DMode":false,"pivot":{"x":-2.0188212394714357,"y":0.3662312626838684,"z":-7.883846759796143},"rotation":{"x":0.05855283513665199,"y":-0.9177392721176148,"z":0.14776287972927094,"w":0.36414632201194765},"size":10.908136367797852,"orthographic":false}