{"cameraMode":{"drawMode":0,"name":"Shaded","section":"Shading Mode"},"sceneLighting":true,"audioPlay":false,"sceneViewState":{"m_AlwaysRefresh":false,"showFog":true,"showSkybox":true,"showFlares":true,"showImageEffects":true,"showParticleSystems":true,"showVisualEffectGraphs":true,"m_FxEnabled":true},"in2DMode":false,"pivot":{"x":7.563968181610107,"y":4.403275966644287,"z":4.3011016845703129},"rotation":{"x":0.05069994181394577,"y":-0.9035372734069824,"z":0.11174213141202927,"w":0.41070377826690676},"size":3.4641048908233644,"orthographic":false}