{"cameraMode":{"drawMode":0,"name":"Shaded","section":"Shading Mode"},"sceneLighting":false,"audioPlay":false,"sceneViewState":{"m_AlwaysRefresh":false,"showFog":true,"showSkybox":false,"showFlares":true,"showImageEffects":true,"showParticleSystems":true,"showVisualEffectGraphs":true,"m_FxEnabled":true},"in2DMode":false,"pivot":{"x":0.4517906904220581,"y":-0.02796533703804016,"z":-0.09426569938659668},"rotation":{"x":0.21305428445339204,"y":-0.47340109944343569,"z":0.11917021125555039,"w":0.8463470339775086},"size":0.6052403450012207,"orthographic":false}